{
  "means": [
    0.339992880821228,
    0.31174856424331665,
    0.3209359049797058
  ],
  "stds": [
    0.27170154452323914,
    0.25988203287124634,
    0.26575028896331787
  ]
}